{
    "deposit": 5,
    "hole": 3,
    "fragments": [
        {
            "dlImg": "1000084.jpeg",
            "uvImg": "1000085.jpeg",
            "top": 0,
            "bottom": 31
        },
        {
            "dlImg": "1000086.jpeg",
            "uvImg": "1000087.jpeg",
            "top": 31,
            "bottom": 100
        },
        {
            "dlImg": "1000088.jpeg",
            "uvImg": "1000089.jpeg",
            "top": 100,
            "bottom": 106
        },
        {
            "dlImg": "1000090.jpeg",
            "uvImg": "1000091.jpeg",
            "top": 106,
            "bottom": 200
        },
        {
            "dlImg": "1000092.jpeg",
            "uvImg": "1000093.jpeg",
            "top": 200,
            "bottom": 288
        }
    ]
}