{
	"deposit": 1,
	"hole": 2,
	"parts": [
				{

					"nameImg_DL": "part1_DL.jpg",

					"nameImg_UV": "part1_UV.jpg",

					"begin_part": 0.0,

					"end_part": 1.45
				},

				{

					"nameImg_DL": "part2_DL.jpg",

					"nameImg_UV": "part2_UV.jpg",

					"begin_part": 1.45,

					"end_part": 3.54
				},

				{

					"nameImg_DL": "part3_DL.jpg",

					"nameImg_UV": "part3_UV.jpg",

					"begin_part": 3.54,

					"end_part": 5.85
				},

				{

					"nameImg_DL": "part4_DL.jpg",

					"nameImg_UV": "part4_UV.jpg",

					"begin_part": 5.85,

					"end_part": 5.93
				}

	]
}


