{
    "deposit": 3,
    "hole": 2,
    "fragments": [
        {
            "dlImg": "1000154.jpeg",
            "uvImg": "1000155.jpeg",
            "top": 0,
            "bottom": 100
        },
        {
            "dlImg": "1000156.jpeg",
            "uvImg": "1000157.jpeg",
            "top": 100,
            "bottom": 123
        },
        {
            "dlImg": "1000158.jpeg",
            "uvImg": "1000159.jpeg",
            "top": 123,
            "bottom": 200
        },
        {
            "dlImg": "1000160.jpeg",
            "uvImg": "1000161.jpeg",
            "top": 200,
            "bottom": 254
        },
        {
            "dlImg": "1000162.jpeg",
            "uvImg": "1000163.jpeg",
            "top": 254,
            "bottom": 300
        },
        {
            "dlImg": "1000164.jpeg",
            "uvImg": "1000165.jpeg",
            "top": 300,
            "bottom": 332
        },
        {
            "dlImg": "1000166.jpeg",
            "uvImg": "1000167.jpeg",
            "top": 332,
            "bottom": 400
        },
        {
            "dlImg": "1000168.jpeg",
            "uvImg": "1000169.jpeg",
            "top": 400,
            "bottom": 413
        },
        {
            "dlImg": "1000170.jpeg",
            "uvImg": "1000171.jpeg",
            "top": 413,
            "bottom": 423
        },
        {
            "dlImg": "1000172.jpeg",
            "uvImg": "1000173.jpeg",
            "top": 423,
            "bottom": 443
        },
        {
            "dlImg": "1000174.jpeg",
            "uvImg": "1000175.jpeg",
            "top": 443,
            "bottom": 462
        },
        {
            "dlImg": "1000176.jpeg",
            "uvImg": "1000177.jpeg",
            "top": 462,
            "bottom": 500
        },
        {
            "dlImg": "1000178.jpeg",
            "uvImg": "1000179.jpeg",
            "top": 500,
            "bottom": 504
        },
        {
            "dlImg": "1000180.jpeg",
            "uvImg": "1000181.jpeg",
            "top": 504,
            "bottom": 566
        },
        {
            "dlImg": "1000182.jpeg",
            "uvImg": "1000183.jpeg",
            "top": 566,
            "bottom": 600
        },
        {
            "dlImg": "1000184.jpeg",
            "uvImg": "1000185.jpeg",
            "top": 600,
            "bottom": 700
        },
        {
            "dlImg": "1000186.jpeg",
            "uvImg": "1000187.jpeg",
            "top": 700,
            "bottom": 800
        },
        {
            "dlImg": "1000188.jpeg",
            "uvImg": "1000189.jpeg",
            "top": 800,
            "bottom": 900
        },
        {
            "dlImg": "1000190.jpeg",
            "uvImg": "1000191.jpeg",
            "top": 900,
            "bottom": 1000
        },
        {
            "dlImg": "1000192.jpeg",
            "uvImg": "1000193.jpeg",
            "top": 1000,
            "bottom": 1100
        },
        {
            "dlImg": "1000194.jpeg",
            "uvImg": "1000195.jpeg",
            "top": 1100,
            "bottom": 1125
        },
        {
            "dlImg": "1000196.jpeg",
            "uvImg": "1000197.jpeg",
            "top": 1125,
            "bottom": 1176
        },
        {
            "dlImg": "1000198.jpeg",
            "uvImg": "1000199.jpeg",
            "top": 1176,
            "bottom": 1200
        },
        {
            "dlImg": "1000200.jpeg",
            "uvImg": "1000201.jpeg",
            "top": 1200,
            "bottom": 1300
        },
        {
            "dlImg": "1000202.jpeg",
            "uvImg": "1000203.jpeg",
            "top": 1300,
            "bottom": 1400
        },
        {
            "dlImg": "1000204.jpeg",
            "uvImg": "1000205.jpeg",
            "top": 1400,
            "bottom": 1496
        }
    ]
}