{
    "deposit": 3,
    "hole": 9,
    "fragments": [
        {
            "dlImg": "1001480.jpeg",
            "uvImg": "1001481.jpeg",
            "top": 0,
            "bottom": 33
        },
        {
            "dlImg": "1001482.jpeg",
            "uvImg": "1001483.jpeg",
            "top": 33,
            "bottom": 86
        },
        {
            "dlImg": "1001484.jpeg",
            "uvImg": "1001485.jpeg",
            "top": 86,
            "bottom": 174
        },
        {
            "dlImg": "1001486.jpeg",
            "uvImg": "1001487.jpeg",
            "top": 174,
            "bottom": 184
        },
        {
            "dlImg": "1001488.jpeg",
            "uvImg": "1001489.jpeg",
            "top": 184,
            "bottom": 283
        },
        {
            "dlImg": "1001490.jpeg",
            "uvImg": "1001491.jpeg",
            "top": 283,
            "bottom": 376
        },
        {
            "dlImg": "1001492.jpeg",
            "uvImg": "1001493.jpeg",
            "top": 376,
            "bottom": 399
        },
        {
            "dlImg": "1001494.jpeg",
            "uvImg": "1001495.jpeg",
            "top": 399,
            "bottom": 413
        },
        {
            "dlImg": "1001496.jpeg",
            "uvImg": "1001497.jpeg",
            "top": 413,
            "bottom": 475
        },
        {
            "dlImg": "1001498.jpeg",
            "uvImg": "1001499.jpeg",
            "top": 475,
            "bottom": 575
        },
        {
            "dlImg": "1001500.jpeg",
            "uvImg": "1001501.jpeg",
            "top": 575,
            "bottom": 674
        }
    ]
}