{
    "deposit": 5,
    "hole": 6,
    "fragments": [
        {
            "dlImg": "1000418.jpeg",
            "uvImg": "1000419.jpeg",
            "top": 0,
            "bottom": 98
        },
        {
            "dlImg": "1000420.jpeg",
            "uvImg": "1000421.jpeg",
            "top": 98,
            "bottom": 198
        },
        {
            "dlImg": "1000422.jpeg",
            "uvImg": "1000423.jpeg",
            "top": 198,
            "bottom": 298
        },
        {
            "dlImg": "1000424.jpeg",
            "uvImg": "1000425.jpeg",
            "top": 298,
            "bottom": 396
        },
        {
            "dlImg": "1000426.jpeg",
            "uvImg": "1000427.jpeg",
            "top": 396,
            "bottom": 495
        },
        {
            "dlImg": "1000428.jpeg",
            "uvImg": "1000429.jpeg",
            "top": 495,
            "bottom": 581
        },
        {
            "dlImg": "1000430.jpeg",
            "uvImg": "1000431.jpeg",
            "top": 581,
            "bottom": 594
        },
        {
            "dlImg": "1000432.jpeg",
            "uvImg": "1000433.jpeg",
            "top": 594,
            "bottom": 678
        },
        {
            "dlImg": "1000434.jpeg",
            "uvImg": "1000435.jpeg",
            "top": 678,
            "bottom": 694
        },
        {
            "dlImg": "1000436.jpeg",
            "uvImg": "1000437.jpeg",
            "top": 694,
            "bottom": 719
        },
        {
            "dlImg": "1000438.jpeg",
            "uvImg": "1000439.jpeg",
            "top": 719,
            "bottom": 753
        },
        {
            "dlImg": "1000440.jpeg",
            "uvImg": "1000441.jpeg",
            "top": 753,
            "bottom": 793
        },
        {
            "dlImg": "1000442.jpeg",
            "uvImg": "1000443.jpeg",
            "top": 793,
            "bottom": 892
        },
        {
            "dlImg": "1000444.jpeg",
            "uvImg": "1000445.jpeg",
            "top": 892,
            "bottom": 894
        },
        {
            "dlImg": "1000446.jpeg",
            "uvImg": "1000447.jpeg",
            "top": 894,
            "bottom": 918
        }
    ]
}